{
    "p1_major_status_infliction_rate": 0.25,
    "p1_cumulative_major_status_turns_pct": 0.0,
    "p2_major_status_infliction_rate": 0.0,
    "p2_cumulative_major_status_turns_pct": 0.06666666666666667,
    "p1_max_offense_boost_diff": 1,
    "p1_team_super_effective_moves": 0.0,
    "expected_damage_ratio_turn_1": 0.0,
    "p1_max_offensive_stat": 135,
    "p1_max_speed_stat": 120,
    "p1_mean_hp": 120.83333333333333,
    "p1_mean_spe": 77.5,
    "p1_mean_atk": 75.0,
    "p1_mean_def": 63.333333333333336,
    "p1_mean_sp": 104.16666666666667,
    "diff_hp": 0,
    "diff_spe": 0,
    "diff_atk": 0,
    "diff_def": 0,
    "diff_spd": 0,
    "priority_diff": 0.0,
    "priority_rate_advantage": 0.0,
    "mean_base_atk_diff_timeline": -27.0,
    "std_base_atk_diff_timeline": 22.045407685048602,
    "mean_base_spa_diff_timeline": -18.0,
    "std_base_spa_diff_timeline": 14.696938456699069,
    "mean_base_spe_diff_timeline": -42.0,
    "std_base_spe_diff_timeline": 34.292856398964496,
    "hp_diff_mean": -0.03266666666666666,
    "p1_hp_advantage_mean": 0.26666666666666666,
    "p1_n_pokemon_use": 5,
    "p2_n_pokemon_use": 4,
    "diff_final_schieramento": 1,
    "nr_pokemon_sconfitti_p1": 1,
    "nr_pokemon_sconfitti_p2": 0.0,
    "nr_pokemon_sconfitti_diff": 1.0,
    "p1_pct_final_hp": 3.59,
    "p2_pct_final_hp": 3.76,
    "diff_final_hp": -0.16999999999999993,
    "battle_duration": 29,
    "hp_loss_rate": -0.005862068965517239,
    "early_hp_mean_diff": -0.08399999999999998,
    "late_hp_mean_diff": -0.04500000000000002,
    "hp_delta_trend": -0.0033058954393770886,
    "hp_advantage_trend": -0.003305895439377088,
    "p1_hp_std": 0.23362862267567586,
    "p2_hp_std": 0.27441432583271275,
    "hp_delta_std": 0.2920722893775139,
    "p1_bad_status_advantage": -0.06666666666666665,
    "p1_status_change": 12,
    "p2_status_change": 3,
    "status_change_diff": 9,
    "p1_type_diversity": 5,
    "p1_type_resistance": 0.4,
    "p1_type_weakness": 7.199999999999999,
    "p1_mean_stab": 19,
    "p2_mean_stab": 13,
    "diff_mean_stab": 6,
    "p1_type_advantage": 0.8666666666666667,
    "p2_type_advantage": 0.8666666666666667,
    "diff_type_advantage": 0.0,
    "p1_avg_speed_stat_battaglia": 0.5,
    "p1_avg_high_speed_stat_battaglia": 0.3333333333333333,
    "net_major_status_infliction": 0.25,
    "net_major_status_suffering": 0.06666666666666667,
    "p1_max_speed_offense_product": 16200,
    "p1_final_hp_per_ko": 1.795
}